{"cameraMode":{"drawMode":0,"name":"Shaded","section":"Shading Mode"},"sceneLighting":true,"audioPlay":false,"sceneViewState":{"showFog":true,"showMaterialUpdate":true,"showSkybox":true,"showFlares":true,"showImageEffects":true,"showParticleSystems":true},"in2DMode":false,"pivot":{"x":-13.75472640991211,"y":191.2232666015625,"z":251.1121826171875},"rotation":{"x":-0.332820326089859,"y":0.016137849539518358,"z":-0.005604100879281759,"w":-0.9429372549057007},"size":216.0644073486328,"orthographic":false}